<?xml version="1.0" encoding="UTF-8"?>
<R2k xmlns:xsi="http://www.w3.org/2001/XMLSchema-instance>
	<Menus count=4>
		<Menu >
			<Title>测试0</Ttle>
			<Link type=link >http://r2k/menu/0</Link>
			<Icons>
			    <Normal>0-0.jpg</Normal>
			    <Selected>0-1.jpg</Selected>
			    <Frozen>0-2.jpg</Frozen>
			</Icons>
			<Background>0.jpg</BackGround>
			
		</Menu >
		<Menu >
			<Title>测试1</Ttle>
			<Link type=link >http://r2k/menu/1</Link>
			<Icons>
			    <Normal>1-0.jpg</Normal>
			    <Selected>1-1.jpg</Selected>
			    <Frozen>1-2.jpg</Frozen>
			</Icons>
			<Background>1.jpg</BackGround>
		</Menu >
		<Menu >
			<Title>测试2</Ttle>
			<Link type=link >http://r2k/menu/2</Link>
			<<Icons>
			    <Normal>2-0.jpg</Normal>
			    <Selected>2-1.jpg</Selected>
			    <Frozen>2-2.jpg</Frozen>
			</Icons>
			<Background>2.jpg</BackGround>
		</Menu >
		<Menu >
			<Title>测试3</Ttle>
			<Link type=link >http://r2k/menu/3</Link>
			<Icons>
			    <Normal>3-0.jpg</Normal>
			    <Selected>3-1.jpg</Selected>
			    <Frozen>3-2.jpg</Frozen>
			</Icons>
			<Background>3.jpg</BackGround>
		</Menu >
	</Menus>
<R2k>

