<?xml version="1.0" encoding="UTF-8"?>
<R2k xmlns:xsi="http://www.w3.org/2001/XMLSchema-instance">
    <Menus count="5">
        <Menu>
            <Title>用户</Title>
            <Link type="user">http://r2k/menu/0</Link>
            <Icons>
                <Normal>Newspaper_User@2x.png</Normal>
                <Selected>Newspaper_User@2x.png</Selected>
                <Frozen>Newspaper_User@2x.png</Frozen>
            </Icons>
            <Background>Newspaper_User@2x.png</Background>
        </Menu>
        <Menu>
            <Title>主页</Title>
            <Link type="link">http://59.108.34.174/r2k/api/publish</Link>
            <Icons>
                <Normal>Newspaper_Home@2x.png</Normal>
                <Selected>Newspaper_Home@2x.png</Selected>
                <Frozen>Newspaper_Home@2x.png</Frozen>
            </Icons>
            <Background>Newspaper_Home@2x.png</Background>
        </Menu>
        <Menu>
            <Title>报纸</Title>
            <Link type="newspaper">http://r2k/menu/2</Link>
            <Icons>
                <Normal>Newspaper_News@2x.png</Normal>
                <Selected>Newspaper_News@2x.png</Selected>
                <Frozen>Newspaper_News@2x.png</Frozen>
            </Icons>
            <Background>Newspaper_News@2x.png</Background>
        </Menu>
        <Menu>
            <Title>专题</Title>
            <Link type="link">http://r2k/menu/3</Link>
            <Icons>
                <Normal>Newspaper_Journal@2x.png</Normal>
                <Selected>Newspaper_Journal@2x.png</Selected>
                <Frozen>Newspaper_Journal@2x.png</Frozen>
            </Icons>
            <Background>Newspaper_Journal@2x.png</Background>
        </Menu>
        <Menu>
            <Title>读书</Title>
            <Link type="books">http://r2k/menu/4</Link>
            <Icons>
                <Normal>Newspaper_ReadBook@2x.png</Normal>
                <Selected>Newspaper_ReadBook@2x.png</Selected>
                <Frozen>Newspaper_ReadBook@2x.png</Frozen>
            </Icons>
            <Background>Newspaper_ReadBook@2x.png</Background>
        </Menu>
    </Menus>
</R2k>