<?xml version="1.0" encoding="UTF-8"?>
<R2k xmlns:xsi="http://www.w3.org/2001/XMLSchema-instance>
	<Menus count=6>
		<Menu>
			<Title>主页</Title>
			<Link type=link>http://59.108.34.174/r2k/api/publish</Link>
			<Icons>
			    <Normal>Newspaper_Home.png</Normal>
			    <Selected>Newspaper_Home_Press.png</Selected>
			    <Frozen>Newspaper_Home_Press.png</Frozen>
			</Icons>
			<Background>Newspaper_Home.png</BackGround>
		</Menu>
		<Menu>
			<Title>报纸</Title>
			<Link type=link >http://r2k/menu/2</Link>
			<Icons>
			    <Normal>Newspaper_News.png</Normal>
			    <Selected>Newspaper_News_Press.png</Selected>
			    <Frozen>Newspaper_News_Press.png</Frozen>
			</Icons>
			<Background>Newspaper_News.png</BackGround>
		</Menu>
		<Menu>
			<Title>专题</Title>
			<Link type=link>http://r2k/menu/3</Link>
			<Icons>
			    <Normal>Newspaper_Journal.png</Normal>
			    <Selected>Newspaper_Journal_Press.png</Selected>
			    <Frozen>Newspaper_Journal_Press.png</Frozen>
			</Icons>
			<Background>Newspaper_Journal.png</BackGround>
		</Menu>
		<Menu>
			<Title>搜索</Title>
			<Link type=link>http://r2k/menu/4</Link>
			<<Icons>
			    <Normal>Newspaper_Search.png</Normal>
			    <Selected>Newspaper_Search_Press.png</Selected>
			    <Frozen>Newspaper_Search_Press.png</Frozen>
			</Icons>
			<Background>Newspaper_Search.png</BackGround>
		</Menu>
	</Menus>
<R2k>